{
  "isEncrypt": 0,
  "isRefresh": false,
  "isLoading": 0,
  "messageId": "4538930600cd4558a31ac3877ba7118b",
  "type": 1,
  "isRemove": 0,
  "timeSend": 1671516800.0,
  "roomJid": null,
  "fromUserId": "10000415",
  "fromUserName": "yy",
  "toUserId": "e5028a02dab6453185011f5e0f4a3ba0",
  "toUserName": "g2",
  "content": "我是uuu",
  "fileName": "",
  "filePath": null,
  "location_y": 0.0,
  "location_x": 0.0,
  "timeLen": 0,
  "fileSize": 0,
  "objectId": "",
  "readPersons": 0,
  "FromId": "10000441",
  "ToId": "e5028a02dab6453185011f5e0f4a3ba0",
  "deleteTime": -0.0010000000474974513,
  "isReadDel": 0,
  "BubbleWidth": 62,
  "BubbleHeight": 26,
  "Nodisturb": 0
}
